<?xml version="1.0" encoding="UTF-8" standalone="yes"?>
<addon id="plugin.program.reinicio" name="Borrado Total"
	version="1.0.0" provider-name="">
  <requires>
    <import addon="xbmc.python" version="2.1.0"/>
  </requires>
  <extension point="xbmc.python.pluginsource" library="default.py">
    <provides>executable</provides>
  </extension>
  <extension point="xbmc.addon.metadata">
    <summary lang="es">Restaura tu Kodi a los valores iniciales</summary>
    <description lang="es">!Kodi como recien instalado¡ Elimina todas los addons y configuraciones que hayas instalado, Si tienes problemas comienza desde cero</description>
    <platform>all</platform>
    <forum></forum>
    <website></website>
  </extension>
</addon>
