<?xml version="1.0" encoding="UTF-8" standalone="yes"?>
<addon id="plugin.program.StarWZRD" name="[COLOR gold][B]Star[/B][/COLOR]WZRD" version="1.8.1" provider-name="Chem@i">
  <requires>
    <import addon="xbmc.python" version="2.1.0"/>
  </requires>
  <extension point="xbmc.python.pluginsource" library="default.py">
    <provides>executable</provides>
  </extension>
  <extension point="xbmc.service" library="startup.py" start="startup" />
  <extension point="xbmc.addon.metadata">
    <summary lang="en">Chemai Wizard</summary>
    <description lang="en">Personal installer for Kodi Kripton</description>
    <summary lang="es">Chemai Wizard</summary>
    <description lang="es">Instalador preconfigurado para Kodi Kripton</description>
    <platform>all</platform>
  </extension>
</addon>
