<?xml version="1.0" encoding="UTF-8" standalone="yes"?>
<addon id="repository.star" name="[B][COLOR gold]S[/COLOR] [COLOR orange]TAR[/COLOR][/B] [COLOR white]Repositorio[/COLOR]" version="1.0.0" provider-name="Chem@i">
    <extension point="xbmc.addon.repository" name="Repositorio Star">
        <info compressed="false">https://raw.githubusercontent.com/Chemai/Star/master/addons.xml</info>
        <checksum>https://raw.githubusercontent.com/Chemai/Star/master/addons.xml.md5</checksum>
        <datadir zip="true">https://raw.githubusercontent.com/Chemai/Star/master/</datadir>
    </extension>
    <extension point="xbmc.addon.metadata">
        <summary>[B][COLOR gold]S[/COLOR] [COLOR orange]TAR[/COLOR][/B] [COLOR white]Repositorio[/COLOR]</summary>
        <description></description>
        <disclaimer></disclaimer>
        <platform>all</platform>
    </extension>
</addon>