<?xml version="1.0" encoding="UTF-8" standalone="yes"?>
<addon id="script.backupwizard" name="[COLOR white]Backup WIZARD[/COLOR]" version="1.1.0" provider-name="[COLOR gold][B]L[/B] [/COLOR][COLOR orange]ON[/COLOR]">
  <requires>
    <import addon="xbmc.python" version="2.1.0"/>
  </requires>
  <extension point="xbmc.python.pluginsource" library="default.py">
        <provides>executable</provides>
  </extension>
  <extension point="xbmc.addon.metadata">
    <summary>Copias de seguridad y restauranción</summary>
    <description>Guarda tu configuración de Kodi</description>
    <platform>all</platform>
  </extension>
</addon>
