<?xml version="1.0" encoding="UTF-8" standalone="yes"?>
<addon id="plugin.program.charger" name="[B][COLOR gold]Xml[/COLOR] [COLOR orange]Charguer[/COLOR][/B] [COLOR white][/COLOR]" version="0.0.1" provider-name="Chem@i">
    <requires>
    </requires>
    <extension point="xbmc.python.pluginsource"
               library="default.py">
        <provides>executable</provides>
    </extension>
    <extension point="xbmc.addon.metadata">
        <platform>all</platform>
        <summary lang="es">Cargador para listas m3u - xml</summary>
        <description lang="es">[COLOR red][/COLOR]
	[B][COLOR gold]Novedades[/B][/COLOR]
        - Versión del addon [COLOR lime][B] versión 0.0.8 [/B][/COLOR]
        - Cambios menores[COLOR lime][B] versión 0.0.8 [/B][/COLOR]
        - Addon </description>
	<disclaimer lang="es">Configúralo cargando tus listas personales </disclaimer>
    <platform>all</platform>
	<news>[COLOR red] [B]¡¡ ATENCIÓN !![/B]  No lo inicias a menos que dispongas de una lista, en caso contrario deberás establecer una a la azar para cerrarlo [/COLOR] </news>
    </extension>
</addon>