﻿<?xml version="1.0" encoding="UTF-8" standalone="yes"?>
<addon id="script.xbmcbackup2"
    name="Backup" version="1.1.2" provider-name="robweber">
  <requires>
	<!-- jarvis -->
    <import addon="xbmc.python" version="2.24.0"/>
    <import addon="script.module.httplib2" version="0.8.0" />
    <import addon="script.module.oauth2client" version="4.1.2" />
    <import addon="script.module.uritemplate" version="0.6" />
    <import addon="script.module.yaml" version="3.11"/>
    <import addon="script.module.googleapi" version="1.6.4" />
	<import addon="script.module.requests" version="2.9.1" />
  </requires>
  <extension point="xbmc.python.script" library="default.py"> 
     <provides>executable</provides> 
  </extension> 
  <extension point="xbmc.service" library="scheduler.py" start="startup" />
  <extension point="xbmc.addon.metadata">
    <summary lang="en">Backup and restore your Kodi database and configuration files in the event of a crash or file corruption.</summary>
    <summary lang="es">Haz copia de seguridad de tu base de datos y configuración y recupera todo en caso de fallo.</summary>
    <description lang="en">Ever hosed your Kodi configuration and wished you'd had a backup? Now you can with one easy click. You can export your database, playlist, thumbnails, addons and other configuration details to any source writeable by XBMC or directly to Dropbox cloud storage. Backups can be run on demand or via a scheduler. </description>
    <description lang="es">¿Alguna vez te has cargado la configuración de XBMC y habrías deseado tener una copia de seguridad? Ahora puedes tenerla con un único click. Exporta tus base de datos, listas de reproducción, miniaturas, addons y resto de configuraciones a cualquier fuente accesible por XBMC o a tu almacenamiento en Dropbox. Las copias de seguridad pueden programarse o realizarse bajo demanda.</description>
    <language></language>
    <platform>all</platform>
    <license>The MIT License</license>
    <forum>http://forum.xbmc.org/showthread.php?tid=129499</forum>
    <source>https://github.com/robweber/xbmcbackup</source>
  </extension>
</addon>
