<?xml version="1.0" encoding="UTF-8" standalone="yes"?>
<addon id="plugin.program.StarWZRD" name="[COLOR gold][B]Star[/B] [/COLOR]WZRD" version="0.0.1" provider-name="Chem@i">
  <requires>
    <import addon="xbmc.python" version="2.1.0"/>
  </requires>
  <extension point="xbmc.python.pluginsource" library="default.py">
    <provides>executable</provides>
  </extension>
  <extension point="xbmc.service" library="startup.py" start="startup" />
  <extension point="xbmc.addon.metadata">
    <summary lang="en">[COLOR gold][B]Star[/B] [/COLOR]WZRD</summary>
    <description lang="en">Programa instalador de Wizard y de utilidades extraídas de la web, siendo propiedad de sus autores, para el mantenimiento, optimización, y backup de Kodi. @Aftermath Wizard le permite acceder a las últimas compilaciones personalizadas. Utilízalo con precaución. </description>
    <platform>all</platform>
  </extension>
</addon>