<?xml version="1.0" encoding="UTF-8" standalone="yes"?>
<addon id="plugin.program.StarWZRD" name="[B][COLOR gold]S[/COLOR] [COLOR orange]TAR[/COLOR][/B] [COLOR white]WZRD[/COLOR]" version="0.0.7b" provider-name="Chem@i">
  <requires>
    <import addon="xbmc.python" version="2.1.0"/>
  </requires>
  <extension point="xbmc.python.pluginsource" library="default.py">
    <provides>executable</provides>
  </extension>
  <extension point="xbmc.service" library="startup.py" start="startup" />
  <extension point="xbmc.addon.metadata">
  <summary>[B][COLOR gold]S[/COLOR] [COLOR orange]TAR[/COLOR][/B] [COLOR white]WZRD[/COLOR] - by Chem@i</summary>
  <description>Programa instalador de Wizard y de utilidades extraídas de la web, siendo propiedad de sus autores, para el mantenimiento, optimización, y backup de Kodi. Basado en Aftermath. Utilízalo con precaución.</description>
	<news>[COLOR gold][B]Star[/B] [/COLOR]WZRD v 0.0.5
	* Primera versión.
	* Textos traducidos al castellano.

	  </news>
	  <disclaimer>[COLOR red][B]Enjoy KODI.[/B][/COLOR]</disclaimer>
	  <platform>all</platform>
	  <assets>
      <icon>icon.png</icon>
      <fanart>fanart.jpg</fanart>
    			<screenshot>resources/media/screenshot000.jpg</screenshot>
    			<screenshot>resources/media/screenshot001.jpg</screenshot>
    			<screenshot>resources/media/screenshot002.jpg</screenshot>
    			<screenshot>resources/media/screenshot003.jpg</screenshot>
    			<screenshot>resources/media/screenshot004.jpg</screenshot>
    			<screenshot>resources/media/screenshot005.jpg</screenshot>
    			<screenshot>resources/media/screenshot006.jpg</screenshot>
    			<screenshot>resources/media/screenshot007.jpg</screenshot>
    			<screenshot>resources/media/screenshot008.jpg</screenshot>
    			<screenshot>resources/media/screenshot009.jpg</screenshot>
    			<screenshot>resources/media/screenshot010.jpg</screenshot>				
    </assets>
    <license>GNU/GPL - v2</license>
    <forum>https://</forum>
    <website>web</website>
    <email>my@email.com</email>
    <source>https://</source>
  </extension>
  
  <!--extension point="xbmc.addon.repository" name="Repositorio Star">
        <info compressed="false">https://raw.githubusercontent.com/Chemai/Star/master/addons.xml</info>
        <checksum>https://raw.githubusercontent.com/Chemai/Star/master/addons.xml.md5</checksum>
        <datadir zip="true">https://raw.githubusercontent.com/Chemai/Star/master/</datadir>
    </extension-->
</addon>